{"cameraMode":{"drawMode":0,"name":"Shaded","section":"Shading Mode"},"sceneLighting":true,"audioPlay":false,"sceneViewState":{"m_AlwaysRefresh":false,"showFog":true,"showSkybox":true,"showFlares":true,"showImageEffects":true,"showParticleSystems":true,"showVisualEffectGraphs":true,"m_FxEnabled":true},"in2DMode":false,"pivot":{"x":-6.767501354217529,"y":12.711142539978028,"z":32.89513397216797},"rotation":{"x":-0.006463654339313507,"y":0.9918792247772217,"z":-0.11387769132852555,"w":-0.0562991164624691},"size":0.7604151964187622,"orthographic":false}